Doctor Name,Specialization,Clinic Location,Fees,Phone,Email,Rating
Adam Smith,Surgeon,Ellenstad,6490,999.910.0839,martinjonathan@example.net,4.3
Justin Quinn,Surgeon,South Shane,6680,651-418-8561x452,omoore@example.com,2.1
Amanda Jones,Pediatrician,West Jose,6680,001-916-894-6190x88530,nicoleburgess@example.com,2.8
Brian Mcbride,Dermatologist,East Keithstad,5490,-1958,wardandrew@example.org,1.8
Louis Humphrey,Cardiologist,West Cameron,5750,+1-527-406-9605x396,tayloralan@example.com,1.5
Amy Mccullough,Neurologist,Andrewberg,8540,+1-305-830-7505x29455,bromero@example.org,2.8
Joel Ramos,Cardiologist,New Shelleyberg,2970,810.817.6734,wibarra@example.org,4.1
Colin Thompson,Surgeon,Mercerfurt,2390,833.479.3841x05097,craigortega@example.org,2.2
Cynthia Cole,Cardiologist,Julieborough,9800,894-513-6665x879,samantha77@example.com,2.3
Bruce Short,Dermatologist,Katherinebury,6680,231.615.1867,jennifer64@example.org,2.5
Eric Jensen,Neurologist,Sharonville,1640,810.598.3173x258,qshelton@example.org,3
Victor Nash,Dermatologist,Luisshire,1530,824.760.3287x49352,ericgomez@example.net,3.6
Paul Bell,Pediatrician,South Josephtown,9700,(514)404-5074,katiejones@example.com,2.9
Arthur Harrington,Surgeon,Josechester,1010,629.499.7058x5840,pearsonkelly@example.com,2.3
Susan Wood,Cardiologist,Hopkinsfurt,2400,698.624.6080x77479,nicolemoss@example.net,1.5
David Hale,Dermatologist,Shanefort,1280,(960)641-1969x7464,hansenrobert@example.net,1.8
Shannon Christensen,Cardiologist,Michaelstad,2060,(712)858-5735,emily37@example.com,2.6
Gregory Ferguson,Dermatologist,Whiteheadburgh,7850,416.375.4583x86064,doriscollins@example.com,3.2
Christine Church,Neurologist,New Mark,8280,5418330323,zmartinez@example.net,2.7
Andrea Gutierrez,Pediatrician,West Deborah,4230,+1-770-659-8254x87261,laura64@example.com,2.6
Timothy Benson,Neurologist,Fowlerbury,2480,984-341-8070x729,nray@example.org,2.3
Diane Flores,Dermatologist,Lake Jeffrey,6550,001-886-456-6120x166,zroberts@example.net,3
Lawrence Smith,Pediatrician,North Elizabeth,6260,(376)902-8768x58062,xnguyen@example.com,1.9
Bailey Hartman,Neurologist,Michellestad,2010,891.429.3801x3181,meganpearson@example.com,3.7
Matthew Gonzales,Pediatrician,Reidshire,2210,353.367.3803x96647,rollinstiffany@example.net,4.6
Steven Allen,Dermatologist,Tonitown,1490,418-305-6713,hartjason@example.com,2.7
William Kelly,Surgeon,Lake Melissamouth,5020,001-257-388-0707,stephanie15@example.net,4.6
Christopher Taylor,Dermatologist,West Steven,1360,(297)240-2087,gallaghersydney@example.net,2.5
Tara Washington,Dermatologist,Port Raymondside,3070,001-559-233-3623,mstewart@example.net,1
Zachary Fisher,Cardiologist,East Nicole,5400,405-645-3840x550,pellison@example.org,4.5
Jeffrey Mitchell,Dermatologist,New Jamie,3990,(331)716-3891x893,qwilliamson@example.net,4.5
Jennifer Fry,Cardiologist,Freemanchester,8660,(932)573-8344,williamsjames@example.com,2.7
Sharon Henderson,Pediatrician,Lake Amanda,7560,385.561.3685x139,dvaughan@example.org,1.9
April Murphy,Pediatrician,Floresburgh,2290,582.603.0813x07582,scollins@example.com,3.1
Christine Knapp,Cardiologist,New Veronica,6630,9269602094,marcus66@example.net,1.9
Angela Hendricks,Neurologist,West Miguel,8170,968.710.2249,mitchellmichael@example.net,1.4
Debra Moyer,Surgeon,North Victoria,1330,963.489.8652,hortonsusan@example.com,4
Deborah Bailey,Pediatrician,Phillipton,7510,001-794-791-8894x805,christian48@example.net,1.7
Jonathan Johnson,Neurologist,West Alexismouth,6140,(990)247-2804x82787,hurleychristopher@example.net,2.1
Steven Lindsey,Dermatologist,New Mary,9750,667.854.4465x43711,andrea97@example.com,2.6
Jason Monroe,Dermatologist,West Ryanside,1760,(893)368-6430x3305,ewebster@example.net,2.8
Michael Stevens,Pediatrician,Alexandermouth,1000,+1-290-802-1788x944,tbutler@example.net,1.4
Dan Guzman,Surgeon,Martinezbury,8480,690-300-9722,ericjames@example.com,4
Michael Williams,Surgeon,East Joel,1310,364.826.1913x89826,scott61@example.net,4.9
Anna Ingram,Dermatologist,Greeneton,2530,466.516.8758,wgraves@example.com,1.7
Mike Hill,Pediatrician,North Michelle,1100,614-316-9512,dwayne04@example.net,2.6
Justin Frank,Cardiologist,Lake Bettyfurt,3250,-8041,arthurallen@example.com,3.8
Michael Chandler,Neurologist,East Alyssa,2670,(618)719-5491x1558,williamwalsh@example.net,4.5
Hector Wiggins,Surgeon,Lake Jamieshire,5300,(866)219-7527,bowmanpatrick@example.com,1.2
Kathleen Smith,Surgeon,Lake Mike,8320,6757177708,meghanserrano@example.org,1.8
Douglas Edwards,Surgeon,North Manuel,9320,346-551-7001x64499,wardmargaret@example.com,2.9
Courtney Mitchell,Surgeon,Lake Daniel,7830,(708)384-6643x729,tmaldonado@example.org,3.4
David Edwards,Pediatrician,Port Jacqueline,6170,+1-908-649-6235x3684,johnsonjermaine@example.com,1.2
Nicole Marsh,Surgeon,New Christyfort,8770,(767)512-9933,millerdavid@example.org,1.1
Ryan Perez,Dermatologist,Markchester,9560,989-782-3567,christina68@example.org,2.3
Lauren Miller,Surgeon,West Cynthiamouth,2840,259.759.1125x67057,heidi44@example.org,3.3
Larry Williams,Pediatrician,Vanessastad,3220,+1-855-765-8584x83906,eoneill@example.net,2
April Burns,Pediatrician,Port Angela,4530,001-967-475-7199x9607,fletcherkaren@example.com,2.7
Regina Davis,Pediatrician,New Anthony,2190,417-500-5769x9158,swalker@example.com,1.4
Morgan Brown,Surgeon,Brookeshire,6310,442-299-4778x54742,johngilbert@example.com,4.2
Lisa Mclean DDS,Surgeon,Fordstad,2850,493.518.4346x78449,ikelly@example.com,1.9
Cassidy Holland,Dermatologist,Jamesstad,6970,4368873078,nwhite@example.com,1.9
Laura Page,Pediatrician,West Misty,5440,355.331.1817x592,raymond10@example.org,5
Amanda Phillips,Dermatologist,West Cindyside,6880,001-712-365-8980,dyoung@example.org,4.8
Lynn Torres,Neurologist,Gordonbury,1620,(480)591-4793,jordan55@example.com,1.2
Courtney Brown,Surgeon,Anaport,6770,+1-352-839-9454x0457,jamiebrown@example.org,4.3
William Mercer,Surgeon,Kevinchester,9340,533.576.9417,christopherburns@example.com,1.9
Richard Harper,Neurologist,Maryton,3330,+1-648-368-7217x802,brittney59@example.net,3.9
Matthew Summers,Neurologist,East Theresafort,2990,-1782,francisco29@example.net,1
Penny Mullen,Dermatologist,Lopezberg,5360,953.269.4863x256,hpatel@example.com,2.7
Katherine Livingston,Neurologist,Martinport,1340,(925)856-8188,tgrant@example.net,2.2
Cheryl Elliott,Surgeon,South Manuel,9630,+1-599-988-5467x864,linda27@example.org,2.1
Elizabeth Rodriguez,Pediatrician,New Laurentown,2950,500.807.0710,joshua33@example.org,3.3
Shelby Gonzalez,Surgeon,Craighaven,5320,789.551.6788x307,donnagarcia@example.com,2.1
James Peterson,Neurologist,West John,3400,545.769.0899,rdelacruz@example.org,2.9
Dr. Jack Acevedo,Surgeon,Jameschester,5210,(975)350-4152x49693,evansteresa@example.org,4.5
Paul Hall,Cardiologist,Jacksontown,3970,903.908.5287,blakesylvia@example.net,2.6
Veronica Smith,Pediatrician,Stuartberg,6110,221.757.2864,emily00@example.com,4.2
Angela Long,Surgeon,Jasminestad,4940,001-718-817-3520x999,jensenjason@example.com,2.7
Kristen Blair,Cardiologist,North Matthewchester,3460,(826)912-1429,vsanders@example.org,4.3
Taylor Garcia,Cardiologist,Hardingborough,7580,336.408.4330x080,hinesamy@example.org,1.3
Nathan Finley,Surgeon,Robertview,2060,(920)936-5328x104,qschmidt@example.net,3.3
William Buchanan,Neurologist,New Scottview,5610,-6122,stephenbrewer@example.com,3.9
David Ramirez,Cardiologist,East Maryland,6420,+1-288-690-4263x4644,nicole67@example.org,3.4
Steve Branch,Dermatologist,Walshhaven,9340,244-347-2973,jameskim@example.org,3.7
Trevor Benitez,Pediatrician,West William,3650,001-327-318-8498,adam47@example.org,3.7
John Wang,Pediatrician,Lake Danielburgh,3770,001-844-444-8774x479,tford@example.com,4.4
Ann Schwartz,Neurologist,New Richardside,8240,001-782-917-3959,qhoward@example.net,1.7
Brett Briggs,Neurologist,Kaisermouth,8200,+1-352-238-3265x7553,sarahmcclain@example.net,1.8
David Yang,Pediatrician,Johnport,8480,503.324.5044x5240,uflores@example.org,2.6
Joshua Lopez,Pediatrician,Stricklandstad,5040,001-945-778-5395,mariahdoyle@example.net,1.6
David Casey,Pediatrician,Sharonberg,9730,(971)461-5106x0420,hallsean@example.net,2.7
Richard Sellers,Surgeon,South Davidmouth,4400,918-959-7682x614,ttran@example.net,4.1
Melanie Chang,Neurologist,Mooreside,7880,001-513-974-7918,katherine70@example.net,2.1
Gabriel Harris,Pediatrician,Joshuahaven,4880,2938733038,kanenatalie@example.net,1.7
Travis Barnes,Pediatrician,North Andrewton,5040,405.329.9593x564,rallen@example.org,2.4
Justin Cruz,Neurologist,New Lori,8370,+1-349-882-2832x428,holtnicholas@example.com,4.8
Samuel Brown,Dermatologist,South Sharontown,1460,8832486475,alopez@example.net,2.1
Cameron Ray,Pediatrician,Allisonport,3950,+1-506-348-6081x47536,shahdavid@example.com,2.2
Amber Newman,Surgeon,New Sarah,2690,(267)763-2460x360,tina90@example.com,2.9
Lori Boyd,Cardiologist,Lake Kenneth,5260,907-916-0346x9694,michaelmartinez@example.org,3.5
Phillip Bennett,Cardiologist,Garciabury,7020,3849959709,campbellzachary@example.com,3.4
Erin Ramsey,Neurologist,East Sueburgh,9230,001-885-277-3231x15280,hubbardkaren@example.com,1.1
Anthony Moody,Cardiologist,North Mike,4960,+1-350-436-8403x5625,pthomas@example.com,2.3
Michael Olsen,Cardiologist,South Nicholas,8600,+1-292-895-6135x98268,hwhite@example.net,1.8
Michael Hall,Neurologist,Johnhaven,2780,001-216-608-2880x7098,george45@example.org,4.8
Donald Estrada,Cardiologist,Lake Daniel,6140,874.934.1864x37332,gabrielle25@example.org,1.4
Amanda Simmons,Pediatrician,Lawrencefurt,3110,406.227.2602x68891,jasonfox@example.org,4.1
Jeffrey Horton,Pediatrician,South Lynnton,6170,914.307.0573,jeffreymoore@example.net,2.2
Brandi Luna,Neurologist,East Meagan,1580,413-218-6553x23581,kimwalter@example.com,2.5
Morgan Day,Pediatrician,Jonesbury,3270,494-874-8733,smithbailey@example.org,1.6
Amy Rodriguez,Neurologist,Denisetown,7700,001-858-228-0229,austin30@example.net,2.8
David Ross,Cardiologist,West Julie,3080,794.407.5429,mariafischer@example.com,3.4
Amber Stein,Cardiologist,Tranchester,3460,(332)889-4081x4032,dford@example.net,1.1
Wendy Mcclain,Neurologist,Lake Richardberg,6740,(515)305-8462x459,duane27@example.com,3.9
Frank Stewart,Dermatologist,Adamville,8780,001-307-653-0113x620,andrewbrown@example.org,3.5
Jennifer Reynolds,Dermatologist,Patrickshire,7680,926.763.1852x44372,holly03@example.org,3.3
Luis Willis,Dermatologist,Annton,6170,784-570-6563,tmacias@example.net,2.6
Heidi Williams,Dermatologist,East Cynthia,7770,001-570-643-3353x37007,amy06@example.com,2.3
Amanda Bennett,Dermatologist,South Johnmouth,2580,654.641.5946x256,wilsontodd@example.org,1.6
Kenneth Collins,Surgeon,Brownchester,4170,+1-882-496-4947x00023,qsanchez@example.org,4.1
Lonnie Wolfe,Surgeon,New Joel,9320,796-416-5551,jamie73@example.com,1.6
Timothy Chapman,Dermatologist,North Frankberg,8110,001-718-810-4112,toddlewis@example.org,5
Angel Oneal,Dermatologist,South Bryce,9200,429.201.1367x5227,richardturner@example.com,1.6
Stephen Owen,Cardiologist,Heatherbury,5090,9116910087,buchanandawn@example.net,4.7
Alexander Gomez,Surgeon,North Mary,1240,(585)822-7593,ewalker@example.org,2.5
Lindsay Castillo,Surgeon,Millerhaven,9920,273.376.2782x4949,donnawu@example.org,4.9
Daniel Clark,Dermatologist,West Jessefurt,3630,843-391-2869,bross@example.com,4.3
Diane Obrien,Cardiologist,Lake Krystalside,8140,001-717-549-8851,brian35@example.net,1.1
Stephanie Jones,Dermatologist,Shellyside,2090,560.495.9398x201,xlloyd@example.net,3.4
Jane Johnson,Surgeon,New Jorgemouth,4530,001-292-676-6685x34593,christopher52@example.org,3.2
Tim Meyer,Pediatrician,West Michael,2710,882-448-2593x2509,dmartinez@example.net,4.6
Michelle Cook,Cardiologist,Mcgeeberg,3660,+1-890-432-6232x282,elizabeth56@example.net,3.2
David Smith,Neurologist,Port Kevin,2800,3059006623,lucerorobert@example.net,1.3
Stephanie Brown,Surgeon,Smithland,1240,409.452.0517x2992,bradleymary@example.com,3.2
Dawn Powers,Pediatrician,East Shannonfort,6580,001-601-657-1705x62920,blackjason@example.net,3.3
Troy Bell,Dermatologist,Port Alanmouth,2190,544.470.8701x03969,justinswanson@example.com,1.9
Gregg Long,Surgeon,New Christopher,4320,548-403-3436x34814,robertslisa@example.com,1.7
Sheena Cruz,Surgeon,Mathisville,5190,737-523-6957,julia84@example.net,3.3
Jennifer Spence,Neurologist,Laurafurt,8840,(298)784-8683x1144,kimberly34@example.com,1.6
Mr. Raymond Jimenez,Cardiologist,West Marissa,5070,+1-372-733-9760x2089,deanna87@example.org,3.2
Cynthia Jimenez,Pediatrician,Alexismouth,6420,254-746-2699,garciaashley@example.org,1.9
Lindsey Becker,Pediatrician,Ellishaven,5890,301.825.7974,john17@example.org,4
Timothy Buck,Neurologist,Popeville,3850,001-650-758-9704,talvarez@example.com,2.2
David Henry,Pediatrician,Velasquezhaven,4710,431.325.9593,christianellison@example.com,4.5
Matthew Goodwin,Neurologist,Abigailborough,4320,001-695-884-8119x68420,foxrobert@example.org,1.2
Lindsay Macdonald,Dermatologist,Port Matthewport,5450,484-582-7408,hartmanpatricia@example.net,3.7
Keith Abbott,Dermatologist,Sandraberg,3900,384.960.8275x82744,priceemily@example.net,1.5
Barbara Davies,Dermatologist,Port Brandon,1110,343.293.4516,kimberly25@example.com,4.6
William Pollard,Surgeon,Lake Alejandra,1920,001-655-668-5568x0233,johnsonjames@example.com,1.6
Teresa Becker,Dermatologist,Christinebury,9550,(929)965-5181x0229,pcastaneda@example.org,2
Gregory Davidson,Pediatrician,Thomasfurt,7190,001-231-502-0716,darrellhoward@example.net,3.9
Kimberly Jenkins,Dermatologist,South Madeline,5680,619-504-8455x46484,fowen@example.net,3.3
Joseph Neal,Surgeon,South Emmaberg,9170,001-603-732-4888x63475,kristine34@example.net,2.9
Shannon Bauer,Pediatrician,East Brittanybury,5330,001-420-273-0078,christophergoodwin@example.net,3.1
Stephen Davis,Dermatologist,Jordanport,4080,(612)504-4568,kimberly75@example.net,3.3
Melanie Delacruz,Pediatrician,West Anthonyfort,5690,-7400,vrose@example.com,3.5
Jessica Davila,Cardiologist,North Aliciafurt,6190,6963931831,amycarr@example.net,3.5
Donna Mccoy,Dermatologist,West Todd,5430,001-713-987-6609x945,hannahbishop@example.com,1.6
Katherine Frazier,Cardiologist,Cummingsstad,2980,001-776-290-1334x849,melissa81@example.org,3.9
Sarah Terry,Pediatrician,Parkerstad,5780,001-404-887-2734x7271,kbrown@example.com,1.4
Cameron Carter,Cardiologist,East William,1220,673-847-7280x64611,deannawilliams@example.net,2.2
Alexander Reynolds,Surgeon,North Aaronborough,4330,+1-911-378-6457x3710,hernandezjennifer@example.net,1.7
Emily Robertson,Surgeon,Ronaldside,2550,561.281.0248x58938,cynthiasimon@example.com,4
Pamela Vasquez,Neurologist,Jacquelinetown,2800,8654919578,harringtonkevin@example.com,4.3
Rachel Sheppard,Surgeon,Phillipsstad,7610,(292)960-6324x80572,jesse34@example.com,2.3
Zachary Mcdonald,Surgeon,Bentleyfort,5170,307.686.0224,schneiderandrea@example.com,3.6
Matthew Mullen,Dermatologist,North William,4920,873.236.5737x79084,gjones@example.com,2.2
James Miller,Neurologist,Port Lisa,6470,(392)214-7731x043,edwardnguyen@example.net,3.2
Eric Lopez,Dermatologist,West Darrell,3540,614.684.0781x01101,ramosthomas@example.net,2.4
Cassandra Burton,Cardiologist,Jennifermouth,2830,913-678-8194,peter09@example.net,4.9
Karen Lopez,Neurologist,Mitchellshire,5360,535-703-0680x5099,tina44@example.com,5
Angela Conner,Cardiologist,East Charlesfurt,5900,(227)597-8133,gordonralph@example.com,3
Angela Pratt,Cardiologist,Port Stanleyfort,1690,(594)665-1053,youngmegan@example.net,3.2
James Wheeler,Surgeon,Elizabethberg,1370,001-779-795-0352x4039,gregorykelly@example.com,2.5
Kyle Smith,Cardiologist,Jesusview,5940,828-259-3551x30020,robertbauer@example.org,2.8
Diana Garza,Dermatologist,North Lindseyton,1620,001-834-230-9281x3423,rodriguezpatricia@example.com,4.7
Alicia Young,Cardiologist,Chapmanview,7800,(709)817-9405,courtney96@example.org,3
Clarence Spencer,Surgeon,Lynchton,2890,554-547-0885,qwaters@example.org,3.4
Maria Nichols,Neurologist,Davidton,6860,(260)255-8137x27530,phughes@example.net,2.4
Nathan Gregory,Neurologist,New Jamesstad,4050,001-309-655-2122,banksjennifer@example.com,2.7
Matthew Clark Jr.,Surgeon,Jamesport,9340,-6921,michellejohnson@example.org,2.4
Andrew Moore,Pediatrician,Greenetown,5130,(293)966-9399x544,yolandacampbell@example.net,2.5
Adrian Choi,Neurologist,Aaronfort,9730,-7361,harrisgeorge@example.com,2.6
Ashley Stafford,Neurologist,North Katherine,2870,001-670-250-4303,anna79@example.net,2.4
Brandi Smith,Pediatrician,Alexandermouth,8330,(893)574-9677x07373,alexisphillips@example.org,1.4
Karen Bell,Dermatologist,South Anthony,3000,4776244912,thomas32@example.org,3.6
James Burnett,Cardiologist,Wesleyshire,4290,001-358-544-7697,zpoole@example.com,4
Andrew Wilkerson,Pediatrician,East Kayla,9230,654.589.1561x6551,kari57@example.net,3.1
David Brown,Surgeon,Roseland,9020,001-397-247-4469x43035,kjones@example.net,4.2
Shannon Simon,Pediatrician,New Daniel,2180,556.712.2004,joshua36@example.com,2.1
Michael Peterson,Pediatrician,New Ericaborough,9060,869.276.2300,terri07@example.net,4.8
Craig Garcia,Surgeon,North Deanna,3910,343.961.2905x2799,jennifer52@example.org,1.4
John Hardy,Surgeon,Lake Jamesview,4050,611-390-3966,joshua87@example.org,1.1
Douglas Osborne,Dermatologist,Davidmouth,4530,738.478.1959,brownjasmine@example.net,4.3
William Stanley,Dermatologist,Woodardburgh,4240,330-301-8462x16790,bsummers@example.net,4.7
Mark Robertson,Neurologist,West Rachelmouth,7810,(360)798-3173x57885,connie47@example.com,2.6
Amanda Singh,Pediatrician,Port Maryland,6150,918-235-7372x92506,jonestanner@example.org,4
James Brock,Dermatologist,North Danielleshire,9420,(922)402-1037x210,berrymelvin@example.net,2.6
Kevin Rodriguez DDS,Cardiologist,Carterview,2720,527-352-7270x6102,stacey81@example.com,4.7
Michelle Newman,Surgeon,Patriciatown,9550,(201)899-6038x92458,tabitha30@example.net,3.8
Jack Lewis,Pediatrician,Port Richard,9950,+1-690-236-6592x65417,kroberson@example.com,3.9
Mary Shepherd,Surgeon,Alexanderburgh,5500,001-202-701-3286x7095,nstevens@example.com,2.4
Cathy Johnson,Dermatologist,West Michaelchester,1920,763-464-9667x35339,fitzpatrickalexis@example.net,3.8
Shawn Jones,Cardiologist,South Laurenburgh,5950,410.984.0452x12873,bowenkaren@example.org,4.3
Jennifer Rodriguez,Surgeon,Sarahstad,8910,+1-906-328-4453x48755,braunkylie@example.com,4.4
Andrew Wilcox,Dermatologist,South Michaelside,9130,450.859.0851,pshannon@example.net,1.2
Derrick Brown,Surgeon,Lake Carolfort,8370,332.919.5525x532,mariah53@example.org,3.7
David Edwards,Cardiologist,West James,9990,+1-583-675-4179x0394,anthonyjenkins@example.org,3.9
Tammy Brown,Surgeon,Robertshaven,1410,-8072,wolfetonya@example.net,1.4
Linda Thomas,Neurologist,Jeremyshire,6770,+1-999-856-5981x6239,olsonbrian@example.org,1
Catherine Oliver,Pediatrician,Joshuaview,3850,(441)523-7519,williamsdaniel@example.com,4.4
Toni Morris,Neurologist,South Christopher,1640,307-533-9815,wbrooks@example.org,4.3
Matthew Taylor,Surgeon,Lake Allisonview,3510,+1-971-265-2818x788,zavalakevin@example.com,2
Thomas Thompson,Cardiologist,Perezshire,7340,+1-282-454-8656x239,emily45@example.net,1.3
Kenneth Robinson,Surgeon,South Taylor,2770,001-863-493-2242x19562,kirkthomas@example.org,1.9
Erin Walker,Surgeon,Rosetown,4840,455-690-3449,justinmolina@example.com,4.7
John Becker,Surgeon,New Tracychester,2120,445-979-6490x54319,josephcoleman@example.org,2.9
Jamie Hoffman,Neurologist,Mcfarlandberg,3130,429-913-5008,jonathan23@example.com,3
Guy Simmons,Surgeon,North Dillonhaven,4370,001-232-399-8054,chungjenna@example.net,1.9
Michelle Lee,Pediatrician,East Brianberg,3210,+1-695-335-1480x730,ericksonmichelle@example.org,4.8
Eric Simmons,Pediatrician,Port Maryton,4300,895.596.4245x533,odonnellbradley@example.net,2.5
John Fuller,Dermatologist,East Bryan,2540,001-605-887-7501,garciajames@example.com,4.9
Andrea Diaz,Neurologist,Grayland,7400,001-973-704-0690x36997,johnfrederick@example.org,4.5
Brittany Hubbard,Surgeon,North Roger,1750,001-358-905-5441x42323,jordanjason@example.com,2.1
Brandon James,Neurologist,Kevinburgh,8290,-2903,kevin56@example.com,4.2
Alan Vasquez,Neurologist,North Christinefurt,1580,984-284-3671x6829,rlucas@example.com,3.6
Barbara Owen DDS,Surgeon,Bethmouth,8860,459-516-6290x284,laura25@example.org,1.8
Laura Armstrong,Cardiologist,Hallbury,2340,7633512434,thomas83@example.org,3.9
James Dennis,Neurologist,North Maryton,9100,+1-323-600-7308x056,joseirwin@example.net,1.7
Cody Johnson,Surgeon,Richardfort,3410,549.533.8148x556,fmoore@example.net,3
Rachel Bishop,Pediatrician,North Sara,3550,001-989-283-4522x567,efields@example.com,1.1
Stephanie Morrow,Neurologist,Martinezton,6170,+1-823-436-1686x11734,jenniferpowell@example.com,4.9
Helen Jenkins,Surgeon,Robertchester,1220,584-736-2633,williamskaren@example.org,2.2
Kelly Porter,Cardiologist,Jacksonfort,2200,827-749-7527,garyvaughn@example.org,4.3
Roberto Edwards,Surgeon,West Heather,9840,(417)363-9653,jshields@example.com,2.1
Robert Walker,Dermatologist,North Sarahside,6150,727.921.2431,stephanielee@example.org,4.7
Anthony Smith,Pediatrician,Jamesstad,3760,719.297.9294x817,garcialisa@example.net,4.4
Taylor Lopez,Dermatologist,Davidburgh,2460,216-238-7624x00943,ana38@example.com,4.8
Denise Allison,Dermatologist,Marytown,2540,+1-474-533-0823x6258,brownbrian@example.net,4.5
Jason Kennedy,Neurologist,Lake Patrick,8760,459-385-3071,joshua09@example.net,4.9
Willie Cole,Dermatologist,Lake Brianamouth,6850,266-645-1976x65776,pbecker@example.org,3.3
Gary Roberts,Neurologist,Davidville,2810,(457)355-2552x8095,jeremycrosby@example.com,3.4
Amanda Hunt,Dermatologist,Port Timothy,8090,001-232-422-6859x6153,vanessamclean@example.com,2.8
Sarah Ellison,Neurologist,West Michaelburgh,6720,+1-908-516-1072x547,tnolan@example.com,3.4
Lisa Brown,Pediatrician,Molinaton,8660,001-983-278-9798x935,qgutierrez@example.org,2.4
Vanessa Sanders,Surgeon,New Markborough,3880,+1-367-781-6772x3908,nicholas24@example.org,4.6
Dr. John Adams PhD,Pediatrician,Michaelchester,3670,001-449-228-9488,pearsonzachary@example.net,4.1
James Gonzalez,Dermatologist,South Meghan,5850,001-958-209-0074,cbarnett@example.net,3.6
Valerie Hayden,Pediatrician,New Billside,1710,001-722-578-1839,jerry69@example.com,2.9
Brian Munoz,Surgeon,Kathyborough,6980,001-712-899-5493,dpacheco@example.net,4.1
Rachel Nunez,Pediatrician,Lake Michellefort,3970,925-202-4333x1664,danny37@example.org,5
Donald Ruiz,Pediatrician,Valentinebury,4400,(893)586-6003,alexissanchez@example.net,3.6
Jeffery Gill,Cardiologist,Eatonfurt,6910,(853)547-1011,aschroeder@example.org,2.3
William White,Neurologist,Josephton,5570,(257)530-0282,carolyn41@example.net,4.8
Raymond Parker,Dermatologist,South John,7220,745.863.7750x07704,donald78@example.com,3.4
Kimberly Mendoza,Cardiologist,Lake Douglas,3230,(947)753-6161x3021,dsalinas@example.com,4.4
Amanda Herring,Surgeon,North Davidville,1570,8388728967,daniel94@example.net,4.7
Joseph Torres,Pediatrician,Hatfieldhaven,8770,5728340564,gibbsmisty@example.com,2.4
Michael Collins,Neurologist,Parkermouth,3020,+1-222-507-5508x6811,xstewart@example.com,4.7
Mitchell Patterson,Cardiologist,Jasonchester,1720,001-858-473-3201x10988,brooke25@example.com,4.4
Andrew Keith,Cardiologist,East Harry,8350,-2655,maryrogers@example.net,1.6
Kimberly Vazquez,Surgeon,Morrisonside,4460,3372132277,michael79@example.net,4
David Bell,Pediatrician,Port Michael,4970,(242)677-5255x405,alvarezbrandi@example.com,2.9
Tyler Bowman,Surgeon,Josephchester,2240,001-210-526-6406x245,christopher71@example.com,2.1
Mark Davis,Dermatologist,Amberland,3280,5732575170,navarroshane@example.com,3.9
Erica Deleon,Dermatologist,Port Virginiamouth,5590,001-237-834-8389x5973,aimee66@example.org,3.3
Tara Ross,Neurologist,Fishershire,7230,-10467,matthew63@example.org,3.3
Matthew Mccoy,Cardiologist,Lake Cassandrafurt,4200,001-727-798-3494x722,boltonmichael@example.com,4.5
Matthew Hurst,Pediatrician,West Daniel,6690,906.571.3534x01810,thomasjulie@example.org,3.5
Jason Cook,Pediatrician,Jamesburgh,9060,001-787-837-8384,alexandercook@example.net,1.4
Mrs. Erica Lutz DDS,Cardiologist,Shelbymouth,4850,+1-907-290-0179x033,troywilliams@example.org,1.3
Mary Chavez,Surgeon,Vancebury,1300,(575)771-1632,craig56@example.org,1.6
Elizabeth Lawrence,Dermatologist,North Ernest,3500,001-482-752-2725x73849,rachelsmith@example.net,2.7
Bethany Rodriguez,Dermatologist,Port Jamiemouth,6970,001-708-366-8049x5942,gabriella71@example.net,2.1
Andrew Rodriguez,Pediatrician,South Anita,5580,(436)848-9409x22236,john90@example.com,2.9
Danielle Tyler,Cardiologist,West Mary,7180,(572)500-3916x80857,rtaylor@example.com,3.2
Jason Glenn,Surgeon,Fowlerville,2690,533-907-2575x1943,amandawhitney@example.net,2.4
Alexis Meyer,Pediatrician,West Ryanfurt,8220,+1-400-297-1370x08063,john86@example.com,2.6
Curtis Hill,Neurologist,South Davidland,5050,752-907-3850x41123,aaronlee@example.org,5
Stephanie Acosta,Neurologist,Patriciafurt,5070,(999)300-6259x922,escobarshari@example.com,4.3
David Rivas,Neurologist,Elizabethberg,4290,+1-281-540-5249x43439,krichardson@example.com,3.3
Paul Williams,Surgeon,Hendersonshire,2270,+1-603-351-8102x96179,lindabeck@example.com,4.2
Linda White,Dermatologist,Alexandrafort,8870,+1-225-772-9322x67979,fernandezcurtis@example.net,4.3
Elizabeth Benitez,Dermatologist,Kevinside,8530,001-251-356-8484,nmays@example.org,3.8
Nicole Hodges,Cardiologist,West Jenniferland,1740,+1-629-955-2060x47352,laurenschroeder@example.com,1.8
Jerry Perez,Surgeon,South Juanfurt,5230,864.582.0317,lambertjamie@example.org,1.2
Alexandria Cruz,Surgeon,North Pamela,1200,9909441691,braunmaureen@example.com,4.6
Erin King,Pediatrician,Tabithaberg,5120,595-877-2567x7011,wilsonkatelyn@example.com,4.3
Doris Johnson,Pediatrician,Andersonfort,1520,3202943875,michael03@example.com,1.1
Adrian Watson,Cardiologist,South Matthew,4760,001-864-942-7723x65273,gsantos@example.org,3.7
Stephen Guzman,Surgeon,South Taramouth,4300,699.432.8636x547,rhondamiddleton@example.org,2.3
Holly Singh,Surgeon,South Marissa,6110,923-204-2822,barbarastephenson@example.org,4.5
Jason Jones,Neurologist,Howardtown,7020,709-809-6225x3118,jamesbecker@example.com,4.3
Mr. Jeremiah White,Cardiologist,Brownmouth,7430,(227)563-6349,mmorris@example.com,1
Miss Danielle Mitchell DVM,Dermatologist,Dunnview,4410,427.772.9163x99417,johnsonjennifer@example.net,2.9
Lisa Smith,Pediatrician,East Julieside,6760,(308)237-0906,powellcassandra@example.com,3.3
Tiffany Howell,Cardiologist,Higginsfort,8050,361.995.6269,jeremymartinez@example.net,4.5
Carla Peters,Cardiologist,West Sherri,3040,(830)492-9989x11649,kwillis@example.net,2.3
Joseph Lopez,Surgeon,Ellisburgh,6240,213.705.7965x35692,lmayo@example.com,2.3
Lisa Miller,Surgeon,Singhton,2280,908.446.4327,taylorlauren@example.com,4
Mrs. Karina Atkins MD,Pediatrician,Antonioland,8860,932-465-3542x40904,bentonsara@example.com,4.8
Steven Pena,Neurologist,West Noah,2210,001-217-779-4343x0576,garciaedwin@example.net,3.6
Eric Mckenzie,Pediatrician,South Brittanychester,7350,001-892-794-7028x93047,juanmullins@example.org,2.1
Mary Mccoy,Surgeon,Paulport,8500,8648949416,ehall@example.net,1.4
Derek Phillips,Surgeon,Lake Sean,3200,001-212-203-2686x57250,robert02@example.org,3.3
Daniel Smith,Cardiologist,Jamesland,1410,-2177,josephtaylor@example.net,2.2
Daniel Sanchez,Cardiologist,Kingshire,5480,001-733-434-4038x6901,williamsalison@example.net,1.2
Linda Mccarty,Dermatologist,Port Robert,4010,345.275.9634x320,salazaramanda@example.org,4.8
Tyler Collins,Pediatrician,Garciashire,6300,222.341.6746,ddavis@example.com,2.2
Mr. Kyle Williams,Pediatrician,Lake Rhondaside,8190,598-483-8988x636,kbrown@example.com,3.8
Frederick Armstrong,Pediatrician,New Matthew,5060,3189670647,kelliegrant@example.net,5
Jeffrey Saunders,Cardiologist,Christinaberg,4300,+1-475-976-8878x02157,michelle71@example.com,1.7
Alexandra Paul,Neurologist,North Bethshire,3520,(710)714-2822x402,kentmichelle@example.com,2.3
Jason Taylor,Cardiologist,West Markfurt,2540,2353462484,joshua60@example.org,2.3
Benjamin Medina,Pediatrician,West Adamchester,1140,770-423-7669x3172,michael84@example.org,2.6
Darius Ramsey,Dermatologist,Port Joseph,9280,-2278,michael58@example.org,3.5
Mr. Michael Bond,Cardiologist,Dianamouth,8190,+1-341-778-8043x6710,jjackson@example.org,3.5
Daniel Hart,Cardiologist,Wilsonville,8810,931.622.8868x513,jimenezjamie@example.net,4.3
Elizabeth Velasquez,Neurologist,Port Timothy,2710,(983)497-7670x237,emilykim@example.org,1.7
Tammy Brown,Dermatologist,Gutierrezberg,7800,(222)418-4756,scottthomas@example.org,2.8
Kathleen Peck,Dermatologist,Lake Lindsaytown,2780,642-289-9985,taylor66@example.org,3.2
Rebecca Gentry,Cardiologist,New Mistytown,4390,603-585-7139,fosteranne@example.com,3.5
Mr. David White MD,Cardiologist,Johnville,7580,602-939-3665x62511,ldunlap@example.net,1.4
Jessica Davis,Pediatrician,North Janice,2610,+1-880-824-6533x42375,newmanerika@example.org,1.4
Sophia Richardson,Cardiologist,East Adrianaview,2870,001-697-949-1120x0120,melissa72@example.net,3.8
David Jackson,Cardiologist,Lake Brittneyburgh,2690,(595)693-6741,bhoover@example.net,1.3
Jennifer Larson,Dermatologist,South Daniel,4290,+1-892-934-3473x21041,justinsolis@example.net,1.9
Courtney Cooper,Cardiologist,Paulburgh,1110,+1-801-820-4065x7838,torrespatrick@example.com,2.9
David Ward DDS,Dermatologist,North Nancymouth,3880,811.579.4610x205,stephen05@example.com,4.2
Todd Lopez,Neurologist,West Davidport,9500,(588)553-8635,gordonmary@example.org,3
Matthew Bennett,Cardiologist,West Christopher,7760,+1-369-236-8228x016,adam19@example.com,1.1
Jasmine Smith,Surgeon,Jacksonside,7330,5128845223,derekwatkins@example.com,4.3
Mike Carlson,Surgeon,Port Kevinside,6430,(788)538-1472x127,mary02@example.net,2.7
Thomas Wang,Cardiologist,West Jonathanmouth,6350,824-818-2904x183,brownjoseph@example.com,3.7
Jennifer Ayala,Cardiologist,Jennifershire,4250,001-697-881-1227x20854,marytaylor@example.com,3.2
Catherine Boyd,Pediatrician,Reedberg,9720,(749)693-1713x720,tranrobert@example.com,1.2
Patricia Atkins,Surgeon,Davisborough,9600,001-834-779-1297x215,earlanderson@example.org,1.5
Aaron Hall,Dermatologist,Lowerystad,2560,(303)755-5169,angelaalexander@example.net,2.6
Mark Flowers,Pediatrician,Gregoryhaven,7640,+1-556-504-0322x040,david99@example.net,2
Angela Lara,Pediatrician,Loganfurt,9670,607.807.5485x35620,vmoore@example.org,3.1
Thomas Dennis,Dermatologist,Lake David,6800,(799)720-3557,gdouglas@example.org,1.1
Keith Brown,Neurologist,Deleonberg,4600,+1-337-726-6107x5275,tuckermichael@example.org,4.7
Patrick Hooper,Neurologist,Conleymouth,2340,001-608-647-6810x24687,jamesgeorge@example.org,4.8
Kyle Deleon,Pediatrician,Coxview,1130,-5723,fcurtis@example.org,2.1
Stanley Dunn,Dermatologist,Port Christopherfort,8230,+1-568-478-4977x4376,thomaslee@example.com,2
Henry Willis,Cardiologist,Cruzport,5130,922.337.8243,conleykaren@example.net,2.4
Glenda Stephens,Surgeon,New Alexis,6280,429.502.2840,changwilliam@example.net,3.6
Mark Ellis,Pediatrician,Timothyburgh,1070,(357)921-1673,mcmillanjoseph@example.net,2.1
Troy Martinez,Neurologist,West Craigbury,8100,770.401.4214x192,shelleykim@example.com,3.2
Ryan Stewart,Dermatologist,Henrymouth,9750,001-506-665-3199x8082,guzmanbenjamin@example.com,1.9
Maurice Smith,Cardiologist,East Christopherhaven,4460,(400)648-7595,dawnhughes@example.com,1.8
Jose Cox,Cardiologist,South Franklin,9920,+1-360-767-7277x0873,nathancabrera@example.net,2.6
Brian Martinez,Surgeon,Lake Jefferyland,8280,373-810-8600,fdillon@example.net,3.7
Barbara Hernandez,Surgeon,Burkebury,5630,686.715.4685x9288,ndixon@example.com,4.6
Linda Hansen,Surgeon,Garrisonfurt,8140,766-776-9367,dixonjared@example.com,5
Brett Conley,Cardiologist,Port Howardfurt,4450,(882)418-9154x5371,cdaniels@example.org,1.7
Ashley Gardner,Dermatologist,Port Kevin,1880,8525364724,johnsonmelissa@example.com,2.1
Ivan Davis,Surgeon,East Melissa,3590,001-300-599-5462x26614,carriecook@example.com,4.4
John Hickman,Surgeon,Port Rickeyside,7470,3894014996,anthonyscott@example.com,1.1
Ashley Ochoa,Pediatrician,East Nathan,2180,2779789478,julie29@example.net,2.9
Zachary Nguyen,Cardiologist,Jonesmouth,1170,+1-551-979-7488x920,flynnwendy@example.net,3.1
Olivia Wilson,Cardiologist,Brandifort,1540,001-432-744-0992,singhdawn@example.com,2.7
Tiffany Yu,Dermatologist,Leahborough,2060,001-525-905-7435,estesmichael@example.com,3.2
Randy Gutierrez,Surgeon,South Craigbury,8570,+1-388-346-0925x999,joshua72@example.net,2.3
Shannon Walters,Surgeon,Kylemouth,9950,(679)508-9893,idaniels@example.com,3.9
Timothy Steele,Neurologist,Luisland,7340,(482)567-5597,carrdanielle@example.org,2
Thomas Herrera,Neurologist,New Kathryn,8910,(838)737-2190,aaron95@example.org,1.8
Thomas Johnson,Neurologist,Nicolestad,8810,(579)599-7272x6409,brianahawkins@example.com,3.7
Amanda Garcia,Dermatologist,East Bradley,9070,001-454-935-8437x160,jerrybryant@example.net,1.2
Vincent Patrick,Neurologist,Scottton,7600,+1-275-978-3384x968,nray@example.org,1.2
Darrell Weaver,Surgeon,South Nicole,9710,+1-268-402-1733x4532,lisa79@example.org,4.2
Janet Richardson,Neurologist,Yangshire,5840,(534)208-7319x178,esmith@example.com,4.5
Brittany Bell,Dermatologist,South Christopher,3150,001-700-564-5535x1310,terripotter@example.net,1
Anthony Johnson,Pediatrician,North Kelli,3970,(500)332-4043x4475,adriennerivera@example.net,4.9
Shelly Gomez,Neurologist,Port Annetteburgh,4100,911-561-4846x458,wesley43@example.net,2.9
Randy Jackson,Pediatrician,Martinezstad,9570,8437652349,dfreeman@example.com,3.9
Michelle Robertson,Neurologist,Marquezfurt,3630,785.426.9851x566,jgross@example.com,4.3
Brianna Peters,Neurologist,East Michael,2070,(954)358-7369x2869,sharon47@example.com,1.3
Megan Henderson,Neurologist,North Dianetown,9550,+1-714-565-6882x1091,kcarter@example.com,2.8
Steven Mosley,Dermatologist,New Barbara,6780,592.519.1721x97479,timothypacheco@example.org,1.5
Timothy Kelley,Surgeon,Brianview,2570,+1-499-518-4767x18258,ramseymorgan@example.org,2.8
Richard Johnston,Neurologist,South Gabrielle,3410,(453)764-1373,larsentravis@example.net,4.5
Melissa Sosa,Dermatologist,Ashleychester,5360,+1-978-961-7634x73471,christophervasquez@example.org,2.5
Daniel Garcia,Surgeon,Lake Ariel,4800,439-577-7862,jamesprice@example.com,3.7
Benjamin Dodson,Cardiologist,Lake Rebeccaland,3350,001-769-552-0163x328,nathan64@example.com,4.5
Nicole Hammond,Dermatologist,Suttonmouth,7820,+1-945-204-1977x43170,medinamichael@example.net,3.9
Haley Thompson,Neurologist,East Danielshire,8270,001-522-520-9837x191,jonesbrian@example.org,4.6
Tracey Martin,Surgeon,Laurenmouth,4150,297-419-4020x36309,jennifermaynard@example.org,2.2
Derrick Oconnor,Cardiologist,Jacobland,3480,001-911-992-4473x212,gutierrezpatrick@example.com,4.2
Andrew Ponce,Dermatologist,Port Bryanchester,3640,731.910.4650,jennifer44@example.org,2
Elizabeth Mclaughlin,Dermatologist,East Angela,1900,+1-360-742-6574x61424,wyang@example.org,1.6
Christina Hall,Dermatologist,Williamhaven,9920,295.823.2970,johnathan17@example.com,4.3
Kelsey Greer,Pediatrician,Mcdonaldton,9790,-4864,james62@example.com,4.2
Diana Russell,Surgeon,Lake Robertbury,4460,327-871-7603x050,qparks@example.net,1.8
Amber York,Pediatrician,West Theresaport,3710,(973)259-8888x7842,jyoung@example.org,3.1
James Hogan,Surgeon,East Carlos,4310,001-351-860-0678x869,alexrice@example.net,3.2
Jonathan Carter,Neurologist,Lambertside,7840,889-636-8234x62836,reidamy@example.org,3.2
Krystal Johnson,Dermatologist,Lake Sandra,4010,001-820-332-4503,liumatthew@example.org,1.9
Timothy Powell,Pediatrician,Escobarland,6350,747.527.2820,jennifer41@example.net,2.7
Christopher Pineda,Dermatologist,South Ryanbury,1600,(689)421-3333,amills@example.net,5
Jeffrey Harris,Surgeon,Port Stephanieland,5570,+1-311-727-8342x390,joseph01@example.org,1.9
Sean Smith,Surgeon,South Albert,6450,332.810.3453x9113,stephaniegordon@example.org,4.4
Lauren Baker,Dermatologist,West Anthonytown,3840,(469)685-1299,nroberts@example.org,3.7
Emily Payne,Surgeon,Port Steven,5780,+1-668-394-9772x4155,muellerjoshua@example.net,1.1
Tyler Bryant,Dermatologist,East Ashley,3010,001-468-644-7148x685,walshamanda@example.net,1.2
Christine Garner,Cardiologist,East Heather,7550,439-656-9186x660,reynoldsbrian@example.org,1.3
Andrew Howell,Pediatrician,Brownberg,7730,681-411-0720,nathaniel36@example.com,4.9
Holly Chavez,Surgeon,Dannyville,1330,-3780,montgomeryjeffrey@example.org,3.8
Rachel Price,Cardiologist,Crystalside,9800,4153999893,jessehanna@example.net,3
Robin Rodriguez,Surgeon,Powellmouth,5770,+1-272-853-3045x81485,taylorlisa@example.org,2.8
Kathleen Padilla,Surgeon,Riceside,8690,428-827-1309x62154,rebeccamurphy@example.net,4.3
Sarah Henderson,Pediatrician,Myersport,7350,(986)274-8689x55645,rogersjorge@example.org,2.1
Michele Hall,Pediatrician,Keithtown,2790,283.498.5918x0155,william84@example.org,3.6
Denise Morris,Surgeon,Velasquezmouth,5920,(388)202-3603x500,terrynicholas@example.com,3.8
Rebecca Mills,Pediatrician,Wuborough,6880,+1-462-695-1555x63161,vchapman@example.org,1.6
Richard Le,Neurologist,New Michael,3710,654.789.4762x1841,morenosamantha@example.net,4.6
Hannah Mccormick,Pediatrician,Williamsshire,8300,+1-583-575-5656x9202,sandrasimpson@example.org,2.9
Sharon Weber,Dermatologist,East Kimberlyborough,5670,272.275.3402x3736,knightjeffrey@example.net,1.7
Megan Woods,Dermatologist,New Gail,8030,(623)250-3019x2178,carneytracy@example.net,2.9
Amy Brown,Cardiologist,Lake Charles,9160,(284)448-3118x824,iserrano@example.org,2.5
Mary Haynes,Pediatrician,Melissahaven,8870,001-856-670-1975x36090,kylehicks@example.net,2.9
Patricia Marquez,Pediatrician,West Sarah,4300,703.505.7979x594,amandagray@example.net,4.8
Rhonda Hunt,Pediatrician,Lake Cynthia,2860,254.373.6790x38724,christophermcguire@example.org,3.7
Catherine Rodriguez,Cardiologist,Stephentown,5000,+1-329-609-2619x7426,rhall@example.net,2.5
Leonard Collins,Dermatologist,East Michael,2430,313.212.0485,toddwebb@example.com,4.6
Melanie Ford,Pediatrician,Port Mark,7850,+1-778-305-3668x6180,rebeccakent@example.org,3
Zachary Taylor,Neurologist,East Nancy,4010,681.257.4572x3643,charlesmiller@example.com,2.8
Alexander Tran,Dermatologist,Phillipborough,9900,775.260.6959x79557,lgreer@example.org,3.3
Dana Atkins,Neurologist,East Teresa,7980,(482)565-9519x90230,donaldcarter@example.com,1.7
William Rhodes,Cardiologist,Port Garymouth,1670,331.921.3586,brian74@example.org,3.6
Tammy Allen,Surgeon,West Jose,8320,825-467-4305,barbara48@example.org,3.4
Travis Mckay,Cardiologist,Greenstad,5870,(993)960-8524,tylercarr@example.org,4.2
George Holt,Surgeon,Tylerberg,4090,805-953-0657x93468,browland@example.com,1.4
Ronald Torres,Pediatrician,Mckenzieville,3540,5524248353,christine92@example.net,1.1
Karen Ramirez,Neurologist,South Jessica,8320,746.459.5351,alexandra36@example.com,2.8
Patrick Weeks,Pediatrician,South April,7020,001-517-887-4240x75845,laura99@example.net,2.1
Patricia Lynch,Pediatrician,South Julie,3230,225-393-3028x492,millsmary@example.net,2.5
James Williams,Neurologist,Lake Joannamouth,1080,6949808950,luceronathan@example.net,4.4
Ashley Collins,Neurologist,South Tiffany,2890,(688)288-1222x9830,elizabethmoore@example.com,2.3
David Johnson,Neurologist,Proctorshire,8870,671-606-5643x780,hernandezanthony@example.com,2.4
Hayley Smith,Dermatologist,Donnafort,4140,+1-300-602-6481x791,johnsonshirley@example.com,3.9
Kelli Taylor,Dermatologist,Lake Timothyton,4640,804-334-0023,jamescampos@example.com,2.5
Jeffrey Hernandez,Dermatologist,Steeleberg,4180,(933)757-7664x12737,jamie27@example.org,2.9
Christopher Smith,Cardiologist,New Maria,4900,931.755.4543,dayjason@example.net,4.5
Shawn Schmidt,Pediatrician,West Lindachester,4010,(626)214-7782x9952,dylan78@example.com,3.4
Mark Wu,Surgeon,West Latoya,3920,440.208.9387x973,robertknight@example.com,3.6
Nicole Reynolds,Dermatologist,Lowebury,2580,001-966-345-1457x1836,martinezjames@example.com,3.3
Adam Hall,Neurologist,Longhaven,6050,+1-639-546-5263x45972,jeffreytucker@example.com,1.9
Jeremy Jones,Neurologist,Millerchester,1200,3728465961,aanderson@example.com,3.1
Kevin Gardner,Neurologist,Lake John,3060,851.906.3034x0116,kara37@example.com,2.8
Amy Roberts,Dermatologist,New Kathrynmouth,2850,530-841-6263,edwardmcclure@example.org,2.4
Kim Lloyd,Neurologist,East Jonfort,7510,+1-863-424-8685x5203,flynnchristopher@example.com,3.3
Brandi Cohen,Cardiologist,West Daniel,9050,630.749.4088x8448,wfuentes@example.com,3.9
Kyle Edwards,Surgeon,East Joyview,7640,388.472.1620x13660,williamacosta@example.org,2.7
Angela Hughes,Dermatologist,North Paulberg,9450,+1-814-578-7264x1351,david87@example.org,1.7
Darrell Olsen,Pediatrician,Maryborough,9300,2078074292,antoniomadden@example.com,4.6
Jamie Reynolds,Surgeon,Taylorberg,6920,445.534.6281x525,lestertina@example.org,4.8
Spencer Hansen,Pediatrician,Shirleystad,6360,3976588548,michael83@example.net,3
Donald George,Surgeon,Lake Joshua,2560,001-618-441-2654x91504,maddensamuel@example.org,1.9
Phillip Kane,Neurologist,West Sharonfurt,9670,776.619.1736,kathymartinez@example.com,4.9
Amy Lane,Cardiologist,West Angel,7600,001-905-290-4413x33752,jeremiah71@example.com,2.4
Patricia Armstrong,Neurologist,Weberside,7350,+1-939-700-3405x80025,tracy50@example.org,1.7
Samantha Hurley,Dermatologist,New Jameshaven,8980,(688)943-2240,zhobbs@example.org,2.3
Susan Phelps,Pediatrician,Port Connor,5890,6588438481,phamrichard@example.org,4.5
Shawn Gonzalez,Cardiologist,South Megan,6170,5895862010,nicholas48@example.org,4.9
Leslie Taylor,Pediatrician,Richardsontown,4850,-1364,hschultz@example.org,2
Jose Wu,Surgeon,Breannaport,7930,940-566-9463x600,dean31@example.org,2.7
Danielle Smith,Surgeon,Emilyport,9600,001-704-374-6491x041,lguerrero@example.com,2.3
Christopher Dickerson,Cardiologist,Port Allisonmouth,6810,001-747-625-6660x8819,laura55@example.net,4.7
James Rios,Cardiologist,West Andrew,5370,877.318.0200x1241,yanderson@example.org,3.6
Michelle Johnson,Cardiologist,New Sarahshire,2080,001-842-958-9819x63682,elizabeth10@example.com,4.9
Stephen Hardy,Cardiologist,Rileychester,9640,(232)643-1495x85515,dianecook@example.com,1.6
Robert Anderson DVM,Neurologist,New John,2060,396.820.0145,sschwartz@example.net,1.9
Brittany White,Cardiologist,Howardburgh,6660,(597)489-6223,alexawiley@example.org,3.8
Dustin Scott,Cardiologist,Karlafort,8270,(221)460-3954,lmartinez@example.org,3.5
Michael Lopez,Cardiologist,Port Christina,6060,494.336.5706x78923,scott04@example.net,4.2
Corey Olson,Surgeon,South Jacqueline,1450,(797)369-8457,howellandrea@example.com,4.2
John Hardy,Pediatrician,Christopherport,8380,+1-891-313-5518x890,amy74@example.com,3.4
Lisa Russo,Dermatologist,South Latoyaview,4340,001-206-514-3214x963,jameslopez@example.net,1
Jonathan Oneal,Dermatologist,Phillipsfurt,9390,201-356-1204x8356,brianjohnson@example.org,4.2
Kelly Gonzalez,Pediatrician,Wattschester,1880,4564191790,pooledaniel@example.com,3.8
Deborah Walter,Dermatologist,South Darlenebury,2030,001-811-403-7510,joshuagibbs@example.com,4.6
Brandon Campbell,Surgeon,Erikaburgh,3240,001-455-861-8278x67756,kaitlyn24@example.net,2.7
Pamela Spencer,Neurologist,Port Tylertown,4560,2403134795,aaronlee@example.org,1.2
Scott Le,Surgeon,North Theresafort,7790,(684)400-0389x3352,marthaharrell@example.com,3.5
Cole Anderson,Cardiologist,Navarrobury,6880,822-418-6507x690,madison03@example.net,2.8
Brendan Turner,Neurologist,Whiteburgh,3400,+1-744-694-9172x5273,lee25@example.com,2.6
Mary Gomez,Pediatrician,New Andre,4550,4542468422,amandaanderson@example.org,1.5
Carolyn Kim,Dermatologist,North Cynthia,7320,459-519-6727,tonyafranklin@example.net,3.7
Cheryl Romero,Surgeon,Floresborough,7110,629-558-2673x17530,yvonnechapman@example.com,3
Elizabeth Hutchinson,Neurologist,South Jeffreyfort,2610,977.889.5415,cpowers@example.com,1.2
Nathaniel Massey,Surgeon,Ninafort,6900,(309)271-2014x56809,leechad@example.com,1.8
Mrs. Ariel Poole,Surgeon,North Robinchester,6260,911.679.6598x837,dianajordan@example.com,4.5
David Stevens,Cardiologist,Flemington,9920,+1-882-456-2405x622,elizabeth93@example.org,2.9
Gerald Jones,Pediatrician,Davidberg,2040,001-284-897-2963x6598,matthew89@example.org,2.1
Michaela Charles,Neurologist,East Joseph,5960,-10848,thomasmisty@example.com,2.7
Chad Reed,Dermatologist,South Allen,4940,644-825-9303x666,brandon39@example.net,1.4
Tony Watkins,Dermatologist,Ramirezhaven,7960,834.240.1724x069,pjones@example.com,2.1
Christopher Herrera,Pediatrician,Port Scottshire,2180,+1-719-635-5866x37649,daleharris@example.net,3.5
